<?xml version="1.0" encoding="utf-8"?>
<!--/775162/110152/2.50/8/3/Connector/-->
<quadcept_library>
  <setting unit="mil" />
  <textstyle name="Default" height="47.244094488189" strokewidth="7.8740157480315" charwidth="47.244094488189" />
  <textstyle name="Dimension" height="19.6850393700787" strokewidth="0" charwidth="19.6850393700787" />
  <textstyle name="H127W0635TH00762" height="50" strokewidth="3" charwidth="25" />
  <textstyle name="H15W15TH02" height="59.0551181102362" strokewidth="7.8740157480315" charwidth="59.0551181102362" />
  <padstyle name="c255_h170" surface="False" plated="True" isvia="False" nopaste="True" nomask="True" complex="False" holesize="66.929133858267">
    <padshape layer="TOP" shape="round" width="100.3937007874" height="100.3937007874" />
    <padshape layer="TOP_SOLDER_MASK" shape="round" width="108.26771653543" height="108.26771653543" />
    <padshape layer="INNER" shape="round" width="100.3937007874" height="100.3937007874" />
    <padshape layer="BOTTOM" shape="round" width="100.3937007874" height="100.3937007874" />
    <padshape layer="BOTTOM_SOLDER_MASK" shape="round" width="108.26771653543" height="108.26771653543" />
  </padstyle>
  <padstyle name="s255_h170" surface="False" plated="True" isvia="False" nopaste="True" nomask="True" complex="False" holesize="66.929133858267">
    <padshape layer="TOP" shape="square" width="100.3937007874" height="100.3937007874" />
    <padshape layer="TOP_SOLDER_MASK" shape="square" width="108.26771653543" height="108.26771653543" />
    <padshape layer="INNER" shape="square" width="100.3937007874" height="100.3937007874" />
    <padshape layer="BOTTOM" shape="square" width="100.3937007874" height="100.3937007874" />
    <padshape layer="BOTTOM_SOLDER_MASK" shape="square" width="108.26771653543" height="108.26771653543" />
  </padstyle>
  <padstyle name="c146.2_h94" surface="False" plated="True" isvia="False" nopaste="True" nomask="True" complex="False" holesize="37.007874015748">
    <padshape layer="TOP" shape="round" width="57.55905511811" height="57.55905511811" />
    <padshape layer="TOP_SOLDER_MASK" shape="round" width="65.433070866141" height="65.433070866141" />
    <padshape layer="INNER" shape="round" width="57.55905511811" height="57.55905511811" />
    <padshape layer="BOTTOM" shape="round" width="57.55905511811" height="57.55905511811" />
    <padshape layer="BOTTOM_SOLDER_MASK" shape="round" width="65.433070866141" height="65.433070866141" />
  </padstyle>
  <padstyle name="c60_h120" surface="False" plated="True" isvia="False" nopaste="True" nomask="True" complex="False" holesize="47.244094488188">
    <padshape layer="TOP" shape="round" width="23.622047244094" height="23.622047244094" />
    <padshape layer="TOP_SOLDER_MASK" shape="round" width="31.496062992126" height="31.496062992126" />
    <padshape layer="INNER" shape="round" width="23.622047244094" height="23.622047244094" />
    <padshape layer="BOTTOM" shape="round" width="23.622047244094" height="23.622047244094" />
    <padshape layer="BOTTOM_SOLDER_MASK" shape="round" width="31.496062992126" height="31.496062992126" />
  </padstyle>
  <footprint name="FCR684204T" originx="0" originy="0" pickpointx="0" pickpointy="0">
    <pcbpin number="1" name="1" style="s255_h170" originx="0" originy="0" rotation="90" />
    <pcbpin number="2" name="2" style="c255_h170" originx="238.18897637795" originy="366.14173228346" rotation="90" />
    <pcbpin number="3" name="3" style="c255_h170" originx="0" originy="133.85826771653" rotation="90" />
    <pcbpin number="4" name="4" style="c255_h170" originx="259.84251968504" originy="129.92125984252" rotation="90" />
    <pcbpin number="5" name="5" style="c255_h170" originx="277.55905511811" originy="-7.8740157480314" rotation="90" />
    <pcbpin number="6" name="6" style="c146.2_h94" originx="204.72440944882" originy="488.18897637795" rotation="90" />
    <pcbpin number="7" name="7" style="c146.2_h94" originx="125.9842519685" originy="488.18897637795" rotation="90" />
    <pcbpin number="8" name="8" style="c146.2_h94" originx="47.244094488188" originy="488.18897637795" rotation="90" />
    <pcbpin number="9" name="MH1" style="c60_h120" originx="125.9842519685" originy="0" rotation="90" />
    <pcbpin number="10" name="MH2" style="c60_h120" originx="125.9842519685" originy="177.16535433071" rotation="90" />
    <line layer="TOP_ASSEMBLY" originx="-19.685039370078" originy="-78.740157480314" endx="295.27559055118" endy="-78.740157480314" width="3.9370078740157" />
    <line layer="TOP_ASSEMBLY" originx="295.27559055118" originy="-78.740157480314" endx="295.27559055118" endy="543.30708661417" width="3.9370078740157" />
    <line layer="TOP_ASSEMBLY" originx="295.27559055118" originy="543.30708661417" endx="-19.685039370078" endy="543.30708661417" width="3.9370078740157" />
    <line layer="TOP_ASSEMBLY" originx="-19.685039370078" originy="543.30708661417" endx="-19.685039370078" endy="-78.740157480314" width="3.9370078740157" />
    <line layer="TOP_PLACE_BOUND" originx="-89.566929133857" originy="-196.85039370078" endx="367.12598425196" endy="-196.85039370078" width="3.9370078740157" />
    <line layer="TOP_PLACE_BOUND" originx="367.12598425196" originy="-196.85039370078" endx="367.12598425196" endy="582.67716535432" width="3.9370078740157" />
    <line layer="TOP_PLACE_BOUND" originx="367.12598425196" originy="582.67716535432" endx="-89.566929133857" endy="582.67716535432" width="3.9370078740157" />
    <line layer="TOP_PLACE_BOUND" originx="-89.566929133857" originy="582.67716535432" endx="-89.566929133857" endy="-196.85039370078" width="3.9370078740157" />
    <line layer="TOP_ASSEMBLY" originx="27.55905511811" originy="-78.740157480314" endx="27.55905511811" endy="-157.48031496063" width="3.9370078740157" />
    <line layer="TOP_ASSEMBLY" originx="27.55905511811" originy="-157.48031496063" endx="224.40944881889" endy="-157.48031496063" width="3.9370078740157" />
    <line layer="TOP_ASSEMBLY" originx="224.40944881889" originy="-157.48031496063" endx="224.40944881889" endy="-78.740157480314" width="3.9370078740157" />
    <line layer="TOP_SILKSCREEN" originx="27.55905511811" originy="-78.740157480314" endx="27.55905511811" endy="-157.48031496063" width="7.8740157480314" />
    <line layer="TOP_SILKSCREEN" originx="27.55905511811" originy="-157.48031496063" endx="224.40944881889" endy="-157.48031496063" width="7.8740157480314" />
    <line layer="TOP_SILKSCREEN" originx="224.40944881889" originy="-157.48031496063" endx="224.40944881889" endy="-78.740157480314" width="7.8740157480314" />
    <line layer="TOP_SILKSCREEN" originx="-19.685039370078" originy="196.85039370078" endx="-19.685039370078" endy="543.30708661417" width="7.8740157480314" />
    <line layer="TOP_SILKSCREEN" originx="-19.685039370078" originy="543.30708661417" endx="295.27559055118" endy="543.30708661417" width="7.8740157480314" />
    <line layer="TOP_SILKSCREEN" originx="295.27559055118" originy="543.30708661417" endx="295.27559055118" endy="196.85039370078" width="7.8740157480314" />
    <line layer="TOP_SILKSCREEN" originx="-19.685039370078" originy="-70.866141732283" endx="-19.685039370078" endy="-78.740157480314" width="7.8740157480314" />
    <line layer="TOP_SILKSCREEN" originx="-19.685039370078" originy="-78.740157480314" endx="295.27559055118" endy="-78.740157480314" width="7.8740157480314" />
    <line layer="TOP_SILKSCREEN" originx="295.27559055118" originy="-78.740157480314" endx="295.27559055118" endy="-70.866141732283" width="7.8740157480314" />
    <line layer="TOP_SILKSCREEN" originx="-70.866141732283" originy="0" endx="-70.866141732283" endy="0" width="3.9370078740157" />
    <arc layer="TOP_SILKSCREEN" originx="-72.83464566929" originy="0" startangle="180.0" sweepangle="180.0" radius="-1.9685039370079" width="3.9370078740157" />
    <line layer="TOP_SILKSCREEN" originx="-66.929133858267" originy="0" endx="-66.929133858267" endy="0" width="3.9370078740157" />
    <arc layer="TOP_SILKSCREEN" originx="-72.83464566929" originy="0" startangle=".0" sweepangle="180.0" radius="-1.9685039370079" width="3.9370078740157" />
  </footprint>
  <symbol name="FCR684204T" originx="0" originy="0">
    <line originx="200" originy="100" endx="1700" endy="100" width="0" />
    <line originx="1700" originy="-400" endx="1700" endy="100" width="0" />
    <line originx="1700" originy="-400" endx="200" endy="-400" width="0" />
    <line originx="200" originy="100" endx="200" endy="-400" width="0" />
    <sympin number="1" originx="200" originy="0" rotation="180" length="100" width="7.8740157480315" flipped="False">
      <text name="pinname" originx="230" originy="0" style="Default" rotation="0" justify="left" flipped="False" hidden="False" data="DETECTOR_1" />
      <text name="pindes" originx="140" originy="20" style="Default" rotation="0" justify="lowerright" flipped="False" hidden="False" data="1" />
    </sympin>
    <sympin number="2" originx="200" originy="-100" rotation="180" length="100" width="7.8740157480315" flipped="False">
      <text name="pinname" originx="230" originy="-100" style="Default" rotation="0" justify="left" flipped="False" hidden="False" data="LEFT_CHANNEL" />
      <text name="pindes" originx="140" originy="-80" style="Default" rotation="0" justify="lowerright" flipped="False" hidden="False" data="2" />
    </sympin>
    <sympin number="3" originx="200" originy="-200" rotation="180" length="100" width="7.8740157480315" flipped="False">
      <text name="pinname" originx="230" originy="-200" style="Default" rotation="0" justify="left" flipped="False" hidden="False" data="RIGHT_CHANNEL" />
      <text name="pindes" originx="140" originy="-180" style="Default" rotation="0" justify="lowerright" flipped="False" hidden="False" data="3" />
    </sympin>
    <sympin number="4" originx="200" originy="-300" rotation="180" length="100" width="7.8740157480315" flipped="False">
      <text name="pinname" originx="230" originy="-300" style="Default" rotation="0" justify="left" flipped="False" hidden="False" data="GND_1" />
      <text name="pindes" originx="140" originy="-280" style="Default" rotation="0" justify="lowerright" flipped="False" hidden="False" data="4" />
    </sympin>
    <sympin number="5" originx="1700" originy="0" rotation="0" length="100" width="7.8740157480315" flipped="False">
      <text name="pinname" originx="1670" originy="0" style="Default" rotation="0" justify="right" flipped="False" hidden="False" data="DETECTOR_2" />
      <text name="pindes" originx="1760" originy="20" style="Default" rotation="0" justify="lowerleft" flipped="False" hidden="False" data="5" />
    </sympin>
    <sympin number="6" originx="1700" originy="-100" rotation="0" length="100" width="7.8740157480315" flipped="False">
      <text name="pinname" originx="1670" originy="-100" style="Default" rotation="0" justify="right" flipped="False" hidden="False" data="GND_2" />
      <text name="pindes" originx="1760" originy="-80" style="Default" rotation="0" justify="lowerleft" flipped="False" hidden="False" data="6" />
    </sympin>
    <sympin number="7" originx="1700" originy="-200" rotation="0" length="100" width="7.8740157480315" flipped="False">
      <text name="pinname" originx="1670" originy="-200" style="Default" rotation="0" justify="right" flipped="False" hidden="False" data="VCC" />
      <text name="pindes" originx="1760" originy="-180" style="Default" rotation="0" justify="lowerleft" flipped="False" hidden="False" data="7" />
    </sympin>
    <sympin number="8" originx="1700" originy="-300" rotation="0" length="100" width="7.8740157480315" flipped="False">
      <text name="pinname" originx="1670" originy="-300" style="Default" rotation="0" justify="right" flipped="False" hidden="False" data="VIN" />
      <text name="pindes" originx="1760" originy="-280" style="Default" rotation="0" justify="lowerleft" flipped="False" hidden="False" data="8" />
    </sympin>
  </symbol>
  <component name="FCR684204T" designatorprefix="J" height="204.72440944882" footprint="FCR684204T">
    <comppin designator="1" sympin="1" pinswap="0" gateswap="0" gate="1" group="1" side="" type="Any" name="DETECTOR_1" />
    <comppin designator="2" sympin="2" pinswap="0" gateswap="0" gate="1" group="1" side="" type="Any" name="LEFT_CHANNEL" />
    <comppin designator="3" sympin="3" pinswap="0" gateswap="0" gate="1" group="1" side="" type="Any" name="RIGHT_CHANNEL" />
    <comppin designator="4" sympin="4" pinswap="0" gateswap="0" gate="1" group="1" side="" type="Any" name="GND_1" />
    <comppin designator="5" sympin="5" pinswap="0" gateswap="0" gate="1" group="1" side="" type="Any" name="DETECTOR_2" />
    <comppin designator="6" sympin="6" pinswap="0" gateswap="0" gate="1" group="1" side="" type="Any" name="GND_2" />
    <comppin designator="7" sympin="7" pinswap="0" gateswap="0" gate="1" group="1" side="" type="Any" name="VCC" />
    <comppin designator="8" sympin="8" pinswap="0" gateswap="0" gate="1" group="1" side="" type="Any" name="VIN" />
    <attached_symbol gate="1" name="FCR684204T" />
    <pinmap designator="1" footprintpin="1" />
    <pinmap designator="2" footprintpin="2" />
    <pinmap designator="3" footprintpin="3" />
    <pinmap designator="4" footprintpin="4" />
    <pinmap designator="5" footprintpin="5" />
    <pinmap designator="6" footprintpin="6" />
    <pinmap designator="7" footprintpin="7" />
    <pinmap designator="8" footprintpin="8" />
    <text name="Datasheet" originx="0" originy="0" style="Default" rotation="0" justify="" flipped="False" hidden="True" data="https://componentsearchengine.com/Datasheets/2/FCR684204T.pdf" />
    <text name="Description" originx="0" originy="0" style="Default" rotation="0" justify="" flipped="False" hidden="True" data="CLIFF ELECTRONIC COMPONENTS - FCR684204T - SINGLE OPTICAL TRANSMITTER, JACK, PCB" />
    <text name="Manufacturer_Name" originx="0" originy="0" style="Default" rotation="0" justify="" flipped="False" hidden="True" data="CLIFF ELECTRONIC COMPONENTS" />
    <text name="Manufacturer_Part_Number" originx="1750" originy="200" style="Default" rotation="0" justify="left" flipped="False" hidden="False" data="FCR684204T" />
    <text name="Mouser Part Number" originx="0" originy="0" style="Default" rotation="0" justify="" flipped="False" hidden="True" data="" />
    <text name="Mouser Price/Stock" originx="0" originy="0" style="Default" rotation="0" justify="" flipped="False" hidden="True" data="" />
    <text name="Arrow Part Number" originx="0" originy="0" style="Default" rotation="0" justify="" flipped="False" hidden="True" data="" />
    <text name="Arrow Price/Stock" originx="0" originy="0" style="Default" rotation="0" justify="" flipped="False" hidden="True" data="" />
  </component>
</quadcept_library>
